ano,conta_alfa,coeff,versao
1995,AAProdução,60.211935750320094,corrigida IPCA
1995,ACVarejoRural,43.5954679274106,corrigida IPCA
1995,AFIndustBenef,307.2533248533737,corrigida IPCA
1995,AGIndustTransf,546.9663552133503,corrigida IPCA
1995,AHAtacado,318.3559156765561,corrigida IPCA
1995,AIVarejoUrbano,43.5954679274106,corrigida IPCA
1995,BFIndustBenef,307.2533248533737,corrigida IPCA
1995,BGIndustTransf,546.9663552133503,corrigida IPCA
1995,BHAtacado,318.3559156765561,corrigida IPCA
1995,BIVarejoUrbano,43.5954679274106,corrigida IPCA
1995,CFIndustBenef,307.2533248533737,corrigida IPCA
1995,CGIndustTransf,546.9663552133503,corrigida IPCA
1995,CHAtacado,318.3559156765561,corrigida IPCA
1995,CIVarejoUrbano,43.5954679274106,corrigida IPCA
1996,AAProdução,52.015609347125135,corrigida IPCA
1996,ACVarejoRural,58.22111165255358,corrigida IPCA
1996,AFIndustBenef,334.9716915290485,corrigida IPCA
1996,AGIndustTransf,559.2948917492727,corrigida IPCA
1996,AHAtacado,343.47502744854665,corrigida IPCA
1996,AIVarejoUrbano,58.22111165255358,corrigida IPCA
1996,BFIndustBenef,334.9716915290485,corrigida IPCA
1996,BGIndustTransf,559.2948917492727,corrigida IPCA
1996,BHAtacado,343.47502744854665,corrigida IPCA
1996,BIVarejoUrbano,58.22111165255358,corrigida IPCA
1996,CFIndustBenef,334.9716915290485,corrigida IPCA
1996,CGIndustTransf,559.2948917492727,corrigida IPCA
1996,CHAtacado,343.47502744854665,corrigida IPCA
1996,CIVarejoUrbano,58.22111165255358,corrigida IPCA
1997,AAProdução,48.64647199375207,corrigida IPCA
1997,ACVarejoRural,74.65777140495157,corrigida IPCA
1997,AFIndustBenef,361.5804186570146,corrigida IPCA
1997,AGIndustTransf,571.2561027548226,corrigida IPCA
1997,AHAtacado,431.24131404278654,corrigida IPCA
1997,AIVarejoUrbano,74.65777140495157,corrigida IPCA
1997,BFIndustBenef,361.5804186570146,corrigida IPCA
1997,BGIndustTransf,571.2561027548226,corrigida IPCA
1997,BHAtacado,431.24131404278654,corrigida IPCA
1997,BIVarejoUrbano,74.65777140495157,corrigida IPCA
1997,CFIndustBenef,361.5804186570146,corrigida IPCA
1997,CGIndustTransf,571.2561027548226,corrigida IPCA
1997,CHAtacado,431.24131404278654,corrigida IPCA
1997,CIVarejoUrbano,74.65777140495157,corrigida IPCA
1998,AAProdução,47.13977729432298,corrigida IPCA
1998,ACVarejoRural,93.63605969889716,corrigida IPCA
1998,AFIndustBenef,387.144831378181,corrigida IPCA
1998,AGIndustTransf,582.8661638089709,corrigida IPCA
1998,AHAtacado,514.252304249214,corrigida IPCA
1998,AIVarejoUrbano,93.63605969889716,corrigida IPCA
1998,BFIndustBenef,387.144831378181,corrigida IPCA
1998,BGIndustTransf,582.8661638089709,corrigida IPCA
1998,BHAtacado,514.252304249214,corrigida IPCA
1998,BIVarejoUrbano,93.63605969889716,corrigida IPCA
1998,CFIndustBenef,387.144831378181,corrigida IPCA
1998,CGIndustTransf,582.8661638089709,corrigida IPCA
1998,CHAtacado,514.252304249214,corrigida IPCA
1998,CIVarejoUrbano,93.63605969889716,corrigida IPCA
1999,AAProdução,44.95560782561194,corrigida IPCA
1999,ACVarejoRural,111.79682693073488,corrigida IPCA
1999,AFIndustBenef,411.7252258793727,corrigida IPCA
1999,AGIndustTransf,594.1403144844382,corrigida IPCA
1999,AHAtacado,592.8842770230759,corrigida IPCA
1999,AIVarejoUrbano,111.79682693073488,corrigida IPCA
1999,BFIndustBenef,411.7252258793727,corrigida IPCA
1999,BGIndustTransf,594.1403144844382,corrigida IPCA
1999,BHAtacado,592.8842770230759,corrigida IPCA
1999,BIVarejoUrbano,111.79682693073488,corrigida IPCA
1999,CFIndustBenef,411.7252258793727,corrigida IPCA
1999,CGIndustTransf,594.1403144844382,corrigida IPCA
1999,CHAtacado,592.8842770230759,corrigida IPCA
1999,CIVarejoUrbano,111.79682693073488,corrigida IPCA
2000,AAProdução,41.99734658795384,corrigida IPCA
2000,ACVarejoRural,130.00698561328397,corrigida IPCA
2000,AFIndustBenef,435.3773441882281,corrigida IPCA
2000,AGIndustTransf,605.0929250852095,corrigida IPCA
2000,AHAtacado,675.0603513612431,corrigida IPCA
2000,AIVarejoUrbano,130.00698561328397,corrigida IPCA
2000,BFIndustBenef,435.3773441882281,corrigida IPCA
2000,BGIndustTransf,605.0929250852095,corrigida IPCA
2000,BHAtacado,675.0603513612431,corrigida IPCA
2000,BIVarejoUrbano,130.00698561328397,corrigida IPCA
2000,CFIndustBenef,435.3773441882281,corrigida IPCA
2000,CGIndustTransf,605.0929250852095,corrigida IPCA
2000,CHAtacado,675.0603513612431,corrigida IPCA
2000,CIVarejoUrbano,130.00698561328397,corrigida IPCA
2001,AAProdução,39.30846245172653,corrigida IPCA
2001,ACVarejoRural,147.465106932796,corrigida IPCA
2001,AFIndustBenef,458.15279617324256,corrigida IPCA
2001,AGIndustTransf,615.7375577542454,corrigida IPCA
2001,AHAtacado,753.1186727458551,corrigida IPCA
2001,AIVarejoUrbano,147.465106932796,corrigida IPCA
2001,BFIndustBenef,458.15279617324256,corrigida IPCA
2001,BGIndustTransf,615.7375577542454,corrigida IPCA
2001,BHAtacado,753.1186727458551,corrigida IPCA
2001,BIVarejoUrbano,147.465106932796,corrigida IPCA
2001,CFIndustBenef,458.15279617324256,corrigida IPCA
2001,CGIndustTransf,615.7375577542454,corrigida IPCA
2001,CHAtacado,753.1186727458551,corrigida IPCA
2001,CIVarejoUrbano,147.465106932796,corrigida IPCA
2002,AAProdução,36.24570786771812,corrigida IPCA
2002,ACVarejoRural,164.63454299991943,corrigida IPCA
2002,AFIndustBenef,480.099435473292,corrigida IPCA
2002,AGIndustTransf,626.0870224977771,corrigida IPCA
2002,AHAtacado,827.3611803818826,corrigida IPCA
2002,AIVarejoUrbano,164.63454299991943,corrigida IPCA
2002,BFIndustBenef,480.099435473292,corrigida IPCA
2002,BGIndustTransf,626.0870224977771,corrigida IPCA
2002,BHAtacado,827.3611803818826,corrigida IPCA
2002,BIVarejoUrbano,164.63454299991943,corrigida IPCA
2002,CFIndustBenef,480.099435473292,corrigida IPCA
2002,CGIndustTransf,626.0870224977771,corrigida IPCA
2002,CHAtacado,827.3611803818826,corrigida IPCA
2002,CIVarejoUrbano,164.63454299991943,corrigida IPCA
2003,AAProdução,31.59645988732417,corrigida IPCA
2003,ACVarejoRural,181.12304224971896,corrigida IPCA
2003,AFIndustBenef,501.2616951196432,corrigida IPCA
2003,AGIndustTransf,636.1534286127941,corrigida IPCA
2003,AHAtacado,903.420293959648,corrigida IPCA
2003,AIVarejoUrbano,181.12304224971896,corrigida IPCA
2003,BFIndustBenef,501.2616951196432,corrigida IPCA
2003,BGIndustTransf,636.1534286127941,corrigida IPCA
2003,BHAtacado,903.420293959648,corrigida IPCA
2003,BIVarejoUrbano,181.12304224971896,corrigida IPCA
2003,CFIndustBenef,501.2616951196432,corrigida IPCA
2003,CGIndustTransf,636.1534286127941,corrigida IPCA
2003,CHAtacado,903.420293959648,corrigida IPCA
2003,CIVarejoUrbano,181.12304224971896,corrigida IPCA
2004,AAProdução,29.64076251881228,corrigida IPCA
2004,ACVarejoRural,196.9703257683229,corrigida IPCA
2004,AFIndustBenef,521.680887804043,corrigida IPCA
2004,AGIndustTransf,645.9482319518212,corrigida IPCA
2004,AHAtacado,975.9346078174152,corrigida IPCA
2004,AIVarejoUrbano,196.9703257683229,corrigida IPCA
2004,BFIndustBenef,521.680887804043,corrigida IPCA
2004,BGIndustTransf,645.9482319518212,corrigida IPCA
2004,BHAtacado,975.9346078174152,corrigida IPCA
2004,BIVarejoUrbano,196.9703257683229,corrigida IPCA
2004,CFIndustBenef,521.680887804043,corrigida IPCA
2004,CGIndustTransf,645.9482319518212,corrigida IPCA
2004,CHAtacado,975.9346078174152,corrigida IPCA
2004,CIVarejoUrbano,196.9703257683229,corrigida IPCA
2005,AAProdução,27.73529728828558,corrigida IPCA
2005,ACVarejoRural,212.21308416735425,corrigida IPCA
2005,AFIndustBenef,541.3954750627389,corrigida IPCA
2005,AGIndustTransf,655.482278412852,corrigida IPCA
2005,AHAtacado,1045.1462913124265,corrigida IPCA
2005,AIVarejoUrbano,212.21308416735425,corrigida IPCA
2005,BFIndustBenef,541.3954750627389,corrigida IPCA
2005,BGIndustTransf,655.482278412852,corrigida IPCA
2005,BHAtacado,1045.1462913124265,corrigida IPCA
2005,BIVarejoUrbano,212.21308416735425,corrigida IPCA
2005,CFIndustBenef,541.3954750627389,corrigida IPCA
2005,CGIndustTransf,655.482278412852,corrigida IPCA
2005,CHAtacado,1045.1462913124265,corrigida IPCA
2005,CIVarejoUrbano,212.21308416735425,corrigida IPCA
2006,AAProdução,26.62152855112048,corrigida IPCA
2006,ACVarejoRural,226.88526118291733,corrigida IPCA
2006,AFIndustBenef,560.4413090669232,corrigida IPCA
2006,AGIndustTransf,664.7658440015473,corrigida IPCA
2006,AHAtacado,1111.2759459710414,corrigida IPCA
2006,AIVarejoUrbano,226.88526118291733,corrigida IPCA
2006,BFIndustBenef,560.4413090669232,corrigida IPCA
2006,BGIndustTransf,664.7658440015473,corrigida IPCA
2006,BHAtacado,1111.2759459710414,corrigida IPCA
2006,BIVarejoUrbano,226.88526118291733,corrigida IPCA
2006,CFIndustBenef,560.4413090669232,corrigida IPCA
2006,CGIndustTransf,664.7658440015473,corrigida IPCA
2006,CHAtacado,1111.2759459710414,corrigida IPCA
2006,CIVarejoUrbano,226.88526118291733,corrigida IPCA
2007,AAProdução,25.68620255807109,corrigida IPCA
2007,ACVarejoRural,241.01830601187436,corrigida IPCA
2007,AFIndustBenef,578.8518502176889,corrigida IPCA
2007,AGIndustTransf,673.8086717768006,corrigida IPCA
2007,AHAtacado,1174.5249542570084,corrigida IPCA
2007,AIVarejoUrbano,241.01830601187436,corrigida IPCA
2007,BFIndustBenef,578.8518502176889,corrigida IPCA
2007,BGIndustTransf,673.8086717768006,corrigida IPCA
2007,BHAtacado,1174.5249542570084,corrigida IPCA
2007,BIVarejoUrbano,241.01830601187436,corrigida IPCA
2007,CFIndustBenef,578.8518502176889,corrigida IPCA
2007,CGIndustTransf,673.8086717768006,corrigida IPCA
2007,CHAtacado,1174.5249542570084,corrigida IPCA
2007,CIVarejoUrbano,241.01830601187436,corrigida IPCA
2008,AAProdução,24.306033476156266,corrigida IPCA
2008,ACVarejoRural,261.367830012991,corrigida IPCA
2008,AFIndustBenef,606.6128573799068,corrigida IPCA
2008,AGIndustTransf,665.6272145169085,corrigida IPCA
2008,AHAtacado,1211.0859836445704,corrigida IPCA
2008,AIVarejoUrbano,261.367830012991,corrigida IPCA
2008,BFIndustBenef,606.6128573799068,corrigida IPCA
2008,BGIndustTransf,665.6272145169085,corrigida IPCA
2008,BHAtacado,1211.0859836445704,corrigida IPCA
2008,BIVarejoUrbano,261.367830012991,corrigida IPCA
2008,CFIndustBenef,606.6128573799068,corrigida IPCA
2008,CGIndustTransf,665.6272145169085,corrigida IPCA
2008,CHAtacado,1211.0859836445704,corrigida IPCA
2008,CIVarejoUrbano,261.367830012991,corrigida IPCA
2009,AAProdução,23.17329870832665,corrigida IPCA
2009,ACVarejoRural,254.5097069656996,corrigida IPCA
2009,AFIndustBenef,537.4045797903973,corrigida IPCA
2009,AGIndustTransf,679.5595544204431,corrigida IPCA
2009,AHAtacado,1157.5598417668616,corrigida IPCA
2009,AIVarejoUrbano,254.5097069656996,corrigida IPCA
2009,BFIndustBenef,537.4045797903973,corrigida IPCA
2009,BGIndustTransf,679.5595544204431,corrigida IPCA
2009,BHAtacado,1157.5598417668616,corrigida IPCA
2009,BIVarejoUrbano,254.5097069656996,corrigida IPCA
2009,CFIndustBenef,537.4045797903973,corrigida IPCA
2009,CGIndustTransf,679.5595544204431,corrigida IPCA
2009,CHAtacado,1157.5598417668616,corrigida IPCA
2009,CIVarejoUrbano,254.5097069656996,corrigida IPCA
2010,AAProdução,22.061603122891214,corrigida IPCA
2010,ACVarejoRural,270.43148643085703,corrigida IPCA
2010,AFIndustBenef,547.1711339430321,corrigida IPCA
2010,AGIndustTransf,681.7940905283842,corrigida IPCA
2010,AHAtacado,1184.3759693877362,corrigida IPCA
2010,AIVarejoUrbano,270.43148643085703,corrigida IPCA
2010,BFIndustBenef,547.1711339430321,corrigida IPCA
2010,BGIndustTransf,681.7940905283842,corrigida IPCA
2010,BHAtacado,1184.3759693877362,corrigida IPCA
2010,BIVarejoUrbano,270.43148643085703,corrigida IPCA
2010,CFIndustBenef,547.1711339430321,corrigida IPCA
2010,CGIndustTransf,681.7940905283842,corrigida IPCA
2010,CHAtacado,1184.3759693877362,corrigida IPCA
2010,CIVarejoUrbano,270.43148643085703,corrigida IPCA
2011,AAProdução,20.68863040803883,corrigida IPCA
2011,ACVarejoRural,270.0530517150699,corrigida IPCA
2011,AFIndustBenef,550.5707399903027,corrigida IPCA
2011,AGIndustTransf,677.4029922890159,corrigida IPCA
2011,AHAtacado,1243.1621415759164,corrigida IPCA
2011,AIVarejoUrbano,270.0530517150699,corrigida IPCA
2011,BFIndustBenef,550.5707399903027,corrigida IPCA
2011,BGIndustTransf,677.4029922890159,corrigida IPCA
2011,BHAtacado,1243.1621415759164,corrigida IPCA
2011,BIVarejoUrbano,270.0530517150699,corrigida IPCA
2011,CFIndustBenef,550.5707399903027,corrigida IPCA
2011,CGIndustTransf,677.4029922890159,corrigida IPCA
2011,CHAtacado,1243.1621415759164,corrigida IPCA
2011,CIVarejoUrbano,270.0530517150699,corrigida IPCA
2012,AAProdução,19.62800508770562,corrigida IPCA
2012,ACVarejoRural,280.6057153971876,corrigida IPCA
2012,AFIndustBenef,577.1422312317541,corrigida IPCA
2012,AGIndustTransf,655.5151676373765,corrigida IPCA
2012,AHAtacado,1308.8440205559054,corrigida IPCA
2012,AIVarejoUrbano,280.6057153971876,corrigida IPCA
2012,BFIndustBenef,577.1422312317541,corrigida IPCA
2012,BGIndustTransf,655.5151676373765,corrigida IPCA
2012,BHAtacado,1308.8440205559054,corrigida IPCA
2012,BIVarejoUrbano,280.6057153971876,corrigida IPCA
2012,CFIndustBenef,577.1422312317541,corrigida IPCA
2012,CGIndustTransf,655.5151676373765,corrigida IPCA
2012,CHAtacado,1308.8440205559054,corrigida IPCA
2012,CIVarejoUrbano,280.6057153971876,corrigida IPCA
2013,AAProdução,18.481379790117103,corrigida IPCA
2013,ACVarejoRural,293.6738215970525,corrigida IPCA
2013,AFIndustBenef,593.1013622830038,corrigida IPCA
2013,AGIndustTransf,624.0169012520346,corrigida IPCA
2013,AHAtacado,1296.1312528211408,corrigida IPCA
2013,AIVarejoUrbano,293.6738215970525,corrigida IPCA
2013,BFIndustBenef,593.1013622830038,corrigida IPCA
2013,BGIndustTransf,624.0169012520346,corrigida IPCA
2013,BHAtacado,1296.1312528211408,corrigida IPCA
2013,BIVarejoUrbano,293.6738215970525,corrigida IPCA
2013,CFIndustBenef,593.1013622830038,corrigida IPCA
2013,CGIndustTransf,624.0169012520346,corrigida IPCA
2013,CHAtacado,1296.1312528211408,corrigida IPCA
2013,CIVarejoUrbano,293.6738215970525,corrigida IPCA
2014,AAProdução,17.38128599993729,corrigida IPCA
2014,ACVarejoRural,308.4268706826626,corrigida IPCA
2014,AFIndustBenef,599.1043101916512,corrigida IPCA
2014,AGIndustTransf,691.8814411033773,corrigida IPCA
2014,AHAtacado,1326.897429513126,corrigida IPCA
2014,AIVarejoUrbano,308.4268706826626,corrigida IPCA
2014,BFIndustBenef,599.1043101916512,corrigida IPCA
2014,BGIndustTransf,691.8814411033773,corrigida IPCA
2014,BHAtacado,1326.897429513126,corrigida IPCA
2014,BIVarejoUrbano,308.4268706826626,corrigida IPCA
2014,CFIndustBenef,599.1043101916512,corrigida IPCA
2014,CGIndustTransf,691.8814411033773,corrigida IPCA
2014,CHAtacado,1326.897429513126,corrigida IPCA
2014,CIVarejoUrbano,308.4268706826626,corrigida IPCA
2015,AAProdução,15.941724352365334,corrigida IPCA
2015,ACVarejoRural,309.1530114738555,corrigida IPCA
2015,AFIndustBenef,605.4899813509178,corrigida IPCA
2015,AGIndustTransf,728.254480657213,corrigida IPCA
2015,AHAtacado,1340.621562546663,corrigida IPCA
2015,AIVarejoUrbano,309.1530114738555,corrigida IPCA
2015,BFIndustBenef,605.4899813509178,corrigida IPCA
2015,BGIndustTransf,728.254480657213,corrigida IPCA
2015,BHAtacado,1340.621562546663,corrigida IPCA
2015,BIVarejoUrbano,309.1530114738555,corrigida IPCA
2015,CFIndustBenef,605.4899813509178,corrigida IPCA
2015,CGIndustTransf,728.254480657213,corrigida IPCA
2015,CHAtacado,1340.621562546663,corrigida IPCA
2015,CIVarejoUrbano,309.1530114738555,corrigida IPCA
2016,AAProdução,14.66046552018533,corrigida IPCA
2016,ACVarejoRural,305.47960008609306,corrigida IPCA
2016,AFIndustBenef,606.3456115077577,corrigida IPCA
2016,AGIndustTransf,691.2341590350608,corrigida IPCA
2016,AHAtacado,1346.8254305777075,corrigida IPCA
2016,AIVarejoUrbano,305.47960008609306,corrigida IPCA
2016,BFIndustBenef,606.3456115077577,corrigida IPCA
2016,BGIndustTransf,691.2341590350608,corrigida IPCA
2016,BHAtacado,1346.8254305777075,corrigida IPCA
2016,BIVarejoUrbano,305.47960008609306,corrigida IPCA
2016,CFIndustBenef,606.3456115077577,corrigida IPCA
2016,CGIndustTransf,691.2341590350608,corrigida IPCA
2016,CHAtacado,1346.8254305777075,corrigida IPCA
2016,CIVarejoUrbano,305.47960008609306,corrigida IPCA
2017,AAProdução,14.172053057051798,corrigida IPCA
2017,ACVarejoRural,305.8625958290836,corrigida IPCA
2017,AFIndustBenef,587.0100813972566,corrigida IPCA
2017,AGIndustTransf,689.5812286482679,corrigida IPCA
2017,AHAtacado,1331.7791343463682,corrigida IPCA
2017,AIVarejoUrbano,305.8625958290836,corrigida IPCA
2017,BFIndustBenef,587.0100813972566,corrigida IPCA
2017,BGIndustTransf,689.5812286482679,corrigida IPCA
2017,BHAtacado,1331.7791343463682,corrigida IPCA
2017,BIVarejoUrbano,305.8625958290836,corrigida IPCA
2017,CFIndustBenef,587.0100813972566,corrigida IPCA
2017,CGIndustTransf,689.5812286482679,corrigida IPCA
2017,CHAtacado,1331.7791343463682,corrigida IPCA
2017,CIVarejoUrbano,305.8625958290836,corrigida IPCA
2018,AAProdução,13.671053185080067,corrigida IPCA
2018,ACVarejoRural,318.1307855896335,corrigida IPCA
2018,AFIndustBenef,631.8506032705754,corrigida IPCA
2018,AGIndustTransf,677.4160161196262,corrigida IPCA
2018,AHAtacado,1435.019137047472,corrigida IPCA
2018,AIVarejoUrbano,318.1307855896335,corrigida IPCA
2018,BFIndustBenef,631.8506032705754,corrigida IPCA
2018,BGIndustTransf,677.4160161196262,corrigida IPCA
2018,BHAtacado,1435.019137047472,corrigida IPCA
2018,BIVarejoUrbano,318.1307855896335,corrigida IPCA
2018,CFIndustBenef,631.8506032705754,corrigida IPCA
2018,CGIndustTransf,677.4160161196262,corrigida IPCA
2018,CHAtacado,1435.019137047472,corrigida IPCA
2018,CIVarejoUrbano,318.1307855896335,corrigida IPCA
2019,AAProdução,13.179073079975376,corrigida IPCA
2019,ACVarejoRural,328.1533074959524,corrigida IPCA
2019,AFIndustBenef,644.2309411163537,corrigida IPCA
2019,AGIndustTransf,721.0035214010865,corrigida IPCA
2019,AHAtacado,1468.425883362142,corrigida IPCA
2019,AIVarejoUrbano,328.1533074959524,corrigida IPCA
2019,BFIndustBenef,644.2309411163537,corrigida IPCA
2019,BGIndustTransf,721.0035214010865,corrigida IPCA
2019,BHAtacado,1468.425883362142,corrigida IPCA
2019,BIVarejoUrbano,328.1533074959524,corrigida IPCA
2019,CFIndustBenef,644.2309411163537,corrigida IPCA
2019,CGIndustTransf,721.0035214010865,corrigida IPCA
2019,CHAtacado,1468.425883362142,corrigida IPCA
2019,CIVarejoUrbano,328.1533074959524,corrigida IPCA
2020,AAProdução,12.768985500382543,corrigida IPCA
2020,ACVarejoRural,353.8762107007662,corrigida IPCA
2020,AFIndustBenef,723.6506501914034,corrigida IPCA
2020,AGIndustTransf,756.6826563303861,corrigida IPCA
2020,AHAtacado,1588.268457489761,corrigida IPCA
2020,AIVarejoUrbano,353.8762107007662,corrigida IPCA
2020,BFIndustBenef,723.6506501914034,corrigida IPCA
2020,BGIndustTransf,756.6826563303861,corrigida IPCA
2020,BHAtacado,1588.268457489761,corrigida IPCA
2020,BIVarejoUrbano,353.8762107007662,corrigida IPCA
2020,CFIndustBenef,723.6506501914034,corrigida IPCA
2020,CGIndustTransf,756.6826563303861,corrigida IPCA
2020,CHAtacado,1588.268457489761,corrigida IPCA
2020,CIVarejoUrbano,353.8762107007662,corrigida IPCA
2021,AAProdução,11.79021233520917,corrigida IPCA
2021,ACVarejoRural,384.88214075236334,corrigida IPCA
2021,AFIndustBenef,842.7622885288229,corrigida IPCA
2021,AGIndustTransf,748.3035698573347,corrigida IPCA
2021,AHAtacado,1850.159617523532,corrigida IPCA
2021,AIVarejoUrbano,384.88214075236334,corrigida IPCA
2021,BFIndustBenef,842.7622885288229,corrigida IPCA
2021,BGIndustTransf,748.3035698573347,corrigida IPCA
2021,BHAtacado,1850.159617523532,corrigida IPCA
2021,BIVarejoUrbano,384.88214075236334,corrigida IPCA
2021,CFIndustBenef,842.7622885288229,corrigida IPCA
2021,CGIndustTransf,748.3035698573347,corrigida IPCA
2021,CHAtacado,1850.159617523532,corrigida IPCA
2021,CIVarejoUrbano,384.88214075236334,corrigida IPCA
2022,AAProdução,10.789,corrigida IPCA
2022,ACVarejoRural,398.0543078518685,corrigida IPCA
2022,AFIndustBenef,890.391181385839,corrigida IPCA
2022,AGIndustTransf,799.368587907261,corrigida IPCA
2022,AHAtacado,1990.813624474949,corrigida IPCA
2022,AIVarejoUrbano,398.0543078518685,corrigida IPCA
2022,BFIndustBenef,890.391181385839,corrigida IPCA
2022,BGIndustTransf,799.368587907261,corrigida IPCA
2022,BHAtacado,1990.813624474949,corrigida IPCA
2022,BIVarejoUrbano,398.0543078518685,corrigida IPCA
2022,CFIndustBenef,890.391181385839,corrigida IPCA
2022,CGIndustTransf,799.368587907261,corrigida IPCA
2022,CHAtacado,1990.813624474949,corrigida IPCA
2022,CIVarejoUrbano,398.0543078518685,corrigida IPCA
2023,AAProdução,10.315169599529252,corrigida IPCA
2023,ACVarejoRural,411.552228401458,corrigida IPCA
2023,AFIndustBenef,899.4747304976883,corrigida IPCA
2023,AGIndustTransf,804.8677766313588,corrigida IPCA
2023,AHAtacado,1890.0695966479536,corrigida IPCA
2023,AIVarejoUrbano,411.552228401458,corrigida IPCA
2023,BFIndustBenef,899.4747304976883,corrigida IPCA
2023,BGIndustTransf,804.8677766313588,corrigida IPCA
2023,BHAtacado,1890.0695966479536,corrigida IPCA
2023,BIVarejoUrbano,411.552228401458,corrigida IPCA
2023,CFIndustBenef,899.4747304976883,corrigida IPCA
2023,CGIndustTransf,804.8677766313588,corrigida IPCA
2023,CHAtacado,1890.0695966479536,corrigida IPCA
2023,CIVarejoUrbano,411.552228401458,corrigida IPCA
