ano,produto,valor_fob_dolar,valor_fob_real,coeff
1996,Abacate,53854.3095408151,55.933085889090556,0.0006037524715961006
1996,Abacaxi,3023326.289038577,3140.026683795466,0.033894051098457015
1996,AcaiFruto,58686.72,60.952027392,0.0006579278901164804
1996,Acucar,490803.6020408161,509.74862107959154,0.005502324518260397
1996,Amendoim,0.0,0.0,0.0
1996,Arroz,339526.95734091685,352.63269789427625,0.0038063850677117015
1996,Banana,1190.7061556743909,1.2366674132834223,1.3348825573341931e-05
1996,BuritiFruto,1195.7816438194393,1.2419388152708695,1.3405726098819975e-05
1996,CacauAmendoa,0.0,0.0,0.0
1996,CajuAcuFruto,221.4171993749948,0.2299639032708696,2.4822745387762414e-06
1996,CanaDeAcucar,0.0,0.0,0.0
1996,Carvao,108756.71820895463,112.95472753182027,0.0012192550230650156
1996,CastanhaDeCaju,2920.4577092511026,3.033187376828195,3.27408070994935e-05
1996,CastanhaDoPara,10290342.030045986,10687.549232405761,0.11536345906544267
1996,CavaloMangaLarga,3856.0,4.0048416,4.322902940033364e-05
1996,Coco,856356.7852109466,889.4121571200891,0.009600485644465563
1996,CopaibaOleo,0.0,0.0,0.0
1996,Fava,548050.0,569.2047299999999,0.006144105177088395
1996,Feijao,15135.576086956542,15.719809323913065,0.00016968264098911597
1996,Goiaba,4428.14306554564,4.599069387875701,4.9643238270061205e-05
1996,Laranja,273162.90164381673,283.706989647268,0.003062387735021006
1996,Lenha,2756.0,2.8623815999999995,3.0897096739450075e-05
1996,Lima,129056.0,134.03756159999998,0.001446827183166353
1996,Limao,110355.2140762521,114.61492533959543,0.001237175517059755
1996,Mamao,7662.571021166357,7.958346262583378,8.590391803841935e-05
1996,Mandioca,371299.0628785677,385.6312067056804,0.004162577309516062
1996,Maracuja,0.0,0.0,0.0
1996,Melancia,1195.7816438194393,1.2419388152708695,1.3405726098819975e-05
1996,Milho,3660.950036938022,3.8022627083638296,4.1042353936708065e-05
1996,PalmitoInNatura,10347746.69498384,10747.169717410216,0.11600701403129193
1996,Pimenta,30099009.24873132,31260.831005732347,0.3374354138315146
1996,PimentaDoReino,30078382.422119617,31239.407983613437,0.33720416961625715
1996,Soja,1976381.040322587,2052.6693484790385,0.022156907183186487
1996,Tomate,0.0,0.0,0.0
1996,Urucum,0.0,0.0,0.0
1997,Abacate,52480.37121998516,58.54710213301544,0.0005864694601967432
1997,Abacaxi,3078645.4944575545,3434.536913616848,0.03440394035521017
1997,AcaiFruto,58686.72,65.470904832,0.0006558255629489648
1997,Acucar,504897.6397959171,563.2638069563251,0.0056422437452759485
1997,Amendoim,0.0,0.0,0.0
1997,Arroz,334139.03867249034,372.7655115430302,0.0037340121093939454
1997,Banana,1555.468747984043,1.7352809352509984,1.7382402139634933e-05
1997,BuritiFruto,1572.804696380135,1.7546209192816786,1.757613179629527e-05
1997,CacauAmendoa,117.71428571428571,0.1313220571428571,1.3154600852749425e-06
1997,CajuAcuFruto,598.4402519356905,0.6676199450594563,6.687584774154092e-06
1997,CanaDeAcucar,0.0,0.0,0.0
1997,Carvao,105003.42041791035,117.14181581822078,0.0011734158478637563
1997,CastanhaDeCaju,3088.204153555703,3.445200553706742,3.4510758609562775e-05
1997,CastanhaDoPara,19930564.714285713,22234.53799525714,0.2227245588718742
1997,CavaloMangaLarga,3856.0,4.3017536,4.309089638560832e-05
1997,Coco,835275.2381754837,931.8330557085694,0.0093342216653745
1997,CopaibaOleo,0.0,0.0,0.0
1997,Fava,470450.0,524.83402,0.005257290509494149
1997,Feijao,14648.061594202882,16.341377514492734,0.00016369245446208638
1997,Goiaba,4845.464456138543,5.405600147268158,5.414818641587498e-05
1997,Laranja,263736.6726963809,294.2246320600825,0.0029472639098145344
1997,Lenha,2756.0,3.0745935999999996,3.079836888971383e-05
1997,Lima,129056.0,143.9748736,0.0014422040259183268
1997,Limao,108655.58848016427,121.21617450847124,0.0012142289172500144
1997,Mamao,13667.975608743418,15.247993589114156,0.00015273996907608518
1997,Mandioca,359380.695702333,400.92510412552264,0.0040160882576496535
1997,Maracuja,0.0,0.0,0.0
1997,Melancia,1572.804696380135,1.7546209192816786,1.757613179629527e-05
1997,Milho,5496.642274175567,6.132054121070262,6.14251148094538e-05
1997,PalmitoInNatura,12118255.714285715,13519.126074857142,0.13542181051830698
1997,Pimenta,24595420.206029605,27438.650781846623,0.2748544355960889
1997,PimentaDoReino,24574563.714285713,27415.38327965714,0.2746213637795165
1997,Soja,1912036.2142857292,2133.0676006571593,0.021367052488412124
1997,Tomate,117.71428571428571,0.1313220571428571,1.3154600852749425e-06
1997,Urucum,117.71428571428571,0.1313220571428571,1.3154600852749425e-06
1998,Abacate,50559.3233753457,61.07060670508007,0.0004702797656760082
1998,Abacaxi,2070044.2903527108,2500.406498317039,0.019254607831257892
1998,AcaiFruto,58686.72,70.887689088,0.000545877102132101
1998,Acucar,518991.67755101714,626.8900473138735,0.004827423869867442
1998,Amendoim,0.0,0.0,0.0
1998,Arroz,328706.125930896,397.04412951192927,0.0030574744588933744
1998,Banana,1373.1218164841698,1.6585938421312287,1.2772152849175166e-05
1998,BuritiFruto,1402.7182251313093,1.6943433441361084,1.3047445143340148e-05
1998,CacauAmendoa,117797.61904761905,142.28774404761904,0.0010956997242949592
1998,CajuAcuFruto,428.35378068686475,0.5174085316916639,3.984351493637322e-06
1998,CanaDeAcucar,0.0,0.0,0.0
1998,Carvao,101250.12262686517,122.30002312099043,0.000941782459985377
1998,CastanhaDeCaju,304.6190476190476,0.3679493476190476,2.8334274426740185e-06
1998,CastanhaDoPara,15465062.61904762,18680.24913754762,0.14384895878960682
1998,CavaloMangaLarga,3856.0,4.6576624,3.5866753259023195e-05
1998,Coco,814005.8816162187,983.2377044042306,0.007571511438620996
1998,CopaibaOleo,0.0,0.0,0.0
1998,Fava,392850.0,474.52351500000003,0.003654111519140887
1998,Feijao,14160.54710144928,17.104524843840583,0.00013171495044098997
1998,Goiaba,4715.676322921936,5.6960654304574065,4.386307031215219e-05
1998,Laranja,253763.33422513172,306.5207314105366,0.0023603907922302475
1998,Lenha,2756.0,3.3289724,2.563505497455081e-05
1998,Lima,129056.0,155.88674239999997,0.0012004200489098796
1998,Limao,106408.85336026645,128.53125397386586,0.0009897666203444652
1998,Mamao,4177.30731553696,5.045769506437095,3.885540735826678e-05
1998,Mandioca,347462.328526102,419.69974662667863,0.0032319361006357254
1998,Maracuja,0.0,0.0,0.0
1998,Melancia,1402.7182251313093,1.6943433441361084,1.3047445143340148e-05
1998,Milho,4360.524987603572,5.267078132526355,4.055961457732948e-05
1998,PalmitoInNatura,11105154.61904762,13413.91626434762,0.10329508314955463
1998,Pimenta,36891986.085447505,44561.82999261204,0.34315242794659295
1998,PimentaDoReino,36870712.11904762,44536.13316859762,0.34295454721430424
1998,Soja,1847503.578725047,2231.599572741984,0.01718463563363423
1998,Tomate,47.61904761904761,0.05751904761904761,4.429306616654711e-07
1998,Urucum,47.61904761904761,0.05751904761904761,4.429306616654711e-07
1999,Abacate,48628.75172118244,86.95793382781844,0.00048406880025739636
1999,Abacaxi,4325472.2624383755,7734.809499692303,0.043057370269965825
1999,AcaiFruto,58687.590000000004,104.945148438,0.0005841982423111065
1999,Acucar,533085.7153061181,953.2638761104005,0.005306534786706919
1999,Amendoim,0.0,0.0,0.0
1999,Arroz,323326.9898089645,578.1733231763902,0.003218517903668187
1999,Banana,1181.2510754604873,2.1123131731384435,1.1758615441733437e-05
1999,BuritiFruto,1223.107944358674,2.187161626102181,1.2175274385114262e-05
1999,CacauAmendoa,28986.0,51.832765200000004,0.000288537495774315
1999,CajuAcuFruto,248.74349991422952,0.4448031265466252,2.47608592270028e-06
1999,CanaDeAcucar,0.0,0.0,0.0
1999,Carvao,97496.82483582088,174.3438221714149,0.000970519895262361
1999,CastanhaDeCaju,3070.5541850220325,5.4907649936563985,3.05654459113227e-05
1999,CastanhaDoPara,7568543.0,13534.068592599999,0.07534011053198858
1999,CavaloMangaLarga,3856.0,6.8952992,3.838406760869932e-05
1999,Coco,776884.6235752195,1389.2250838772075,0.0077334003930161176
1999,CopaibaOleo,0.0,0.0,0.0
1999,Fava,315250.0,563.73005,0.0031381165232475263
1999,Feijao,13673.03260869562,24.450116910869507,0.00013610648549484521
1999,Goiaba,4576.364380181504,8.183454784640565,4.555484433893418e-05
1999,Laranja,243780.47194435875,435.9282399309023,0.0024266820842305226
1999,Lenha,2756.0,4.9282791999999995,2.743425579086497e-05
1999,Lima,129056.0,230.7779392,0.0012846717399658454
1999,Limao,104152.5944308453,186.2456693612376,0.001036773917597253
1999,Mamao,7463.67313242844,13.346540295408536,7.429619660901605e-05
1999,Mandioca,171.0,0.3057822,1.702198018954249e-06
1999,Maracuja,0.0,0.0,0.0
1999,Melancia,1223.107944358674,2.187161626102181,1.2175274385114262e-05
1999,Milho,3791.6379518325302,6.780206985466931,3.774338368538643e-05
1999,PalmitoInNatura,7354967.0,13152.1519894,0.07321409506943787
1999,Pimenta,38364030.22398794,68602.55884653523,0.38188991956943397
1999,PimentaDoReino,38358885.5,68593.35905110001,0.38183870706077705
1999,Soja,1782993.419354841,3188.348832490327,0.017748584013065925
1999,Tomate,886.0,1.5843452,8.819575700546577e-06
1999,Urucum,0.0,0.0,0.0
2001,Abacate,45438.54371869419,105.39924600988304,0.0005912447741049555
2001,Abacaxi,4139993.141915484,9603.128091987155,0.05386944892296008
2001,AcaiFruto,58686.72,136.129715712,0.0007636295899836539
2001,Acucar,561273.7908163266,1301.9306851775511,0.007303275336390287
2001,Amendoim,0.0,0.0,0.0
2001,Arroz,312663.9556603375,725.2553115497188,0.004068372678922435
2001,Banana,1174.9476886512186,2.7254086585953665,1.5288379070034446e-05
2001,BuritiFruto,1534.8226886512186,3.5601747085953668,1.9971060240414517e-05
2001,CacauAmendoa,0.0,0.0,0.0
2001,CajuAcuFruto,560.4582442067741,1.3000389432620332,7.292663471848102e-06
2001,CanaDeAcucar,149.0,0.34562039999999994,1.9387828951347836e-06
2001,Carvao,89990.2292537314,208.74133577695537,0.0011709497799086731
2001,CastanhaDeCaju,3170.6185022026475,7.354566677709261,4.125597932260645e-05
2001,CastanhaDoPara,8039497.0,18648.4172412,0.10460965952407658
2001,CavaloMangaLarga,3856.0,8.9443776,5.0174139890199506e-05
2001,Coco,751332.503501712,1742.7908751225712,0.009776312794281304
2001,CopaibaOleo,0.0,0.0,0.0
2001,Fava,160050.0,371.25198,0.002082565116552498
2001,Feijao,12698.003623188415,29.454289204347845,0.0001652259881006524
2001,Goiaba,4675.178589938781,10.844544257221996,6.0833263636736016e-05
2001,Laranja,224485.68268865062,520.716989564594,0.0029210000120765806
2001,Lenha,2756.0,6.392817599999999,3.586097757712392e-05
2001,Lima,129056.0,299.3582976,0.0016792722504329846
2001,Limao,100311.01187784079,232.68142315183948,0.0013052434498148984
2001,Mamao,7624.571750536203,17.685956632543775,9.921066639374138e-05
2001,Mandioca,311707.22699740157,723.0360837431725,0.0040559237583386405
2001,Maracuja,0.0,0.0,0.0
2001,Melancia,1534.8226886512186,3.5601747085953668,1.9971060240414517e-05
2001,Milho,2981.550428828825,6.916004374711341,3.8795832029497346e-05
2001,PalmitoInNatura,7540468.0,17490.8695728,0.09811631127322948
2001,Pimenta,26356482.223701216,61136.496166097335,0.3429496436995699
2001,PimentaDoReino,26334118.5,61084.621272599994,0.3426586476929696
2001,Soja,1654068.3387096822,3836.7769184709787,0.02152268055351906
2001,Tomate,0.0,0.0,0.0
2001,Urucum,0.0,0.0,0.0
2002,Abacate,43459.088097594955,153.51922870475417,0.0006358182793050556
2002,Abacaxi,2961959.439552054,10463.12172021763,0.043334272223985636
2002,AcaiFruto,392867.64,1387.8049383,0.005747760429268226
2002,Acucar,575367.8285714276,2032.4868544285682,0.008417787826293955
2002,Amendoim,0.0,0.0,0.0
2002,Arroz,307332.4385860248,1085.6518393051326,0.004496357167862593
2002,Banana,1241.8013024023949,4.3866631007364605,1.816789081167956e-05
2002,BuritiFruto,1320.43955205372,4.664452717629766,1.931838979289573e-05
2002,CacauAmendoa,43572.65772871673,153.92041342669188,0.0006374798338981709
2002,CajuAcuFruto,346.07510760927556,1.222510317629766,5.063172953291183e-06
2002,CanaDeAcucar,243.0618556700647,0.8586160051545035,3.556061058846442e-06
2002,Carvao,86236.93146268622,304.6319603919391,0.0012616697628818297
2002,CastanhaDeCaju,3220.6506607929477,11.37694845925109,4.711899515216441e-05
2002,CastanhaDoPara,9119384.0,32214.22398,0.13341906830122682
2002,CavaloMangaLarga,3856.0,13.62132,5.641432879342844e-05
2002,Coco,729161.2172839132,2575.7620000554234,0.010667826933420953
2002,CopaibaOleo,0.0,0.0,0.0
2002,Fava,82450.0,291.254625,0.0012062659255752527
2002,Feijao,14019.0,49.5221175,0.000205101783027768
2002,Goiaba,4794.591001973209,16.936892714470364,7.014617043966031e-05
2002,Laranja,214468.0475520528,757.6083779776266,0.0031377258688501434
2002,Lenha,2756.0,9.73557,4.0321029604431735e-05
2002,Lima,129056.0,455.89032000000003,0.0018881243819410534
2002,Limao,98019.98009259431,346.25557967708943,0.0014340589692087465
2002,Mamao,7334.7805508463225,25.910112295864636,0.00010730983444582175
2002,Mandioca,299788.85982116684,1059.0041473182719,0.004385992558754755
2002,Maracuja,0.0,0.0,0.0
2002,Melancia,1320.43955205372,4.664452717629766,1.931838979289573e-05
2002,Milho,3656.817746077544,12.917708688018925,5.3500238242962264e-05
2002,PalmitoInNatura,5007003.0,17687.2380975,0.07325381574473097
2002,Pimenta,23347103.60863009,82473.6434974858,0.34157447597289875
2002,PimentaDoReino,23280483.0,82238.3061975,0.3405997983485014
2002,Soja,1589605.7983871102,5615.282482802468,0.023256365187279766
2002,Tomate,0.0,0.0,0.0
2002,Urucum,0.0,0.0,0.0
2003,Abacate,42338.44129500603,122.2903538364954,0.00048306728965961124
2003,Abacaxi,6582496.930857791,19012.884135089644,0.0751040627458633
2003,AcaiFruto,1016519.31,2936.114375004,0.011598141380473518
2003,Acucar,589461.8663265277,1702.6016546975425,0.0067255604461196605
2003,Amendoim,0.0,0.0,0.0
2003,Arroz,302000.92151171237,872.29946169443,0.0034457283302627333
2003,Banana,1845.7443018419485,5.331247841440284,2.1059317963144552e-05
2003,BuritiFruto,1936.6430117443174,5.593799675122287,2.2096441486897706e-05
2003,CacauAmendoa,108968.11593060195,314.7435060539507,0.0012432893326216794
2003,CajuAcuFruto,962.278567299873,2.779445413788953,1.097927285901084e-05
2003,CanaDeAcucar,527.2268041236093,1.522841901030633,6.01547944406569e-06
2003,Carvao,82483.63367164102,238.24572749716788,0.0009411103512621696
2003,CastanhaDeCaju,3270.6828193832625,9.447040255506616,3.731738431008537e-05
2003,CastanhaDoPara,8524473.0,24622.087813199996,0.09726135261319258
2003,CavaloMangaLarga,3856.0,11.1376704,4.399565529464057e-05
2003,Coco,657179.7167615456,1898.1978938940483,0.007498198206761018
2003,CopaibaOleo,0.0,0.0,0.0
2003,Fava,4850.0,14.00874,5.5336858967584744e-05
2003,Feijao,8733.0,25.2243972,9.964057512658094e-05
2003,Goiaba,5451.0927996960145,15.744936442641967,6.219512442804021e-05
2003,Laranja,205280.9990117431,592.9336375455186,0.0023421867404201505
2003,Lenha,2756.0,7.960430399999999,3.144502748755949e-05
2003,Lima,129056.0,372.7653504,0.001472485292973323
2003,Limao,96559.53490363639,278.90256061566333,0.0011017116216367224
2003,Mamao,7875.575947444535,22.747813566598793,8.985765680252388e-05
2003,Mandioca,10948.0,31.6222032,0.00012491297566538513
2003,Maracuja,0.0,0.0,0.0
2003,Melancia,1936.6430117443174,5.593799675122287,2.2096441486897706e-05
2003,Milho,8851.795697600788,25.567526692950114,0.00010099599384082644
2003,PalmitoInNatura,5631317.0,16265.496022799998,0.06425142157335308
2003,Pimenta,23470649.083690986,67792.62281333303,0.2677921645818309
2003,PimentaDoReino,23449768.5,67732.3113354,0.2675539241870126
2003,Soja,16691030.258064523,48210.37179739357,0.19043900771426933
2003,Tomate,1634.0,4.7196456,1.86433871243368e-05
2003,Urucum,0.0,0.0,0.0
2004,Abacate,40421.11117381959,107.26146061084766,0.0004941762829958167
2004,Abacaxi,5016799.585134973,13312.579379114164,0.061333874787754525
2004,AcaiFruto,302336.31,802.279632216,0.0036962723080022817
2004,Acucar,603555.9040816287,1601.5959470710097,0.007378891984850266
2004,Amendoim,0.0,0.0,0.0
2004,Arroz,296965.1187231121,788.0266390436502,0.003630605747549307
2004,Banana,1887.1150937950938,5.007648612894661,2.307129852583017e-05
2004,BuritiFruto,1990.27426394851,5.281391786813766,2.4332491347673398e-05
2004,CacauAmendoa,174659.28841821637,463.47588774657896,0.002135331648109474
2004,CajuAcuFruto,1015.9098195040656,2.6958182970359883,1.2420206270495508e-05
2004,CanaDeAcucar,550.0,1.45948,6.724133695358176e-06
2004,Carvao,78730.33588059674,208.91881929275152,0.000962533280621068
2004,CastanhaDeCaju,3616.4292636878486,9.596556694122075,4.421337067062331e-05
2004,CastanhaDoPara,14725446.714285715,39075.44540102857,0.18002885896496346
2004,CavaloMangaLarga,3856.0,10.2322816,4.714229005327477e-05
2004,Coco,633716.5458768125,1681.6302261387098,0.00774762687170231
2004,CopaibaOleo,2451.0,6.5039736,2.9965184886041615e-05
2004,Fava,0.0,0.0,0.0
2004,Feijao,10704.376811594178,28.405134307246314,0.00013086847419391116
2004,Goiaba,5545.022389932425,14.714271413924681,6.779176707938206e-05
2004,Laranja,197713.37826394694,524.6522205612096,0.0024171839796503676
2004,Lenha,2756.0,7.3133216,3.369402266255842e-05
2004,Lima,129056.0,342.46300160000004,0.0015777996330693543
2004,Limao,94536.51750719205,250.86210285708484,0.0011557748778398694
2004,Mamao,7853.7991365563275,20.84084138876587,9.60181734739879e-05
2004,Mandioca,1064.0,2.8234304,1.3008142276111089e-05
2004,Maracuja,0.0,0.0,0.0
2004,Melancia,1990.27426394851,5.281391786813766,2.4332491347673398e-05
2004,Milho,4666.487934838333,12.382992383887,5.705107047568877e-05
2004,PalmitoInNatura,6330452.714285715,16798.48932262857,0.07739420073272762
2004,Pimenta,23690066.53172486,62863.960548585084,0.2896275902022693
2004,PimentaDoReino,23684737.714285713,62849.81999862856,0.2895624416915439
2004,Soja,5743174.432027666,15240.087672828615,0.07021431403039415
2004,Tomate,2312.714285714286,6.137018628571429,2.827454555692299e-05
2004,Urucum,295.7142857142857,0.7847074285714286,3.61531344140037e-06
2007,Abacate,37814.40705930581,66.95040769850094,0.0002603569902842412
2007,Abacaxi,3176054.405784219,5623.20432544096,0.021867537543881394
2007,AcaiFruto,2703676.3800000004,4786.85903079,0.018615154903669537
2007,Acucar,646552.0173469372,1144.7203467127522,0.004451592670345134
2007,Amendoim,0.0,0.0,0.0
2007,Arroz,288465.5068242878,510.72817983240157,0.001986121613378765
2007,Banana,4276.513718699602,7.571567538957645,2.9444339533439624e-05
2007,BuritiFruto,4416.454269606156,7.819332284337699,3.0407847981307323e-05
2007,CacauAmendoa,45816.47619047619,81.1180710952381,0.00031545225151022007
2007,CajuAcuFruto,3442.089825161712,6.09422003544881,2.3699225159384662e-05
2007,CanaDeAcucar,1663.8865979381371,2.945911221649472,1.1456070331449259e-05
2007,Carvao,67470.44250746208,119.4564184594616,0.0004645425569370607
2007,CastanhaDeCaju,6411.287644220683,11.35118477409272,4.41425288588535e-05
2007,CastanhaDoPara,13106127.476190476,23204.398696595235,0.09023735050587864
2007,CavaloMangaLarga,3856.0,6.827048,2.6549049227759174e-05
2007,Coco,673074.1972494512,1191.6778662301533,0.004634201243960107
2007,CopaibaOleo,63677.0,112.7401285,0.0004384242239823706
2007,Fava,0.0,0.0,0.0
2007,Feijao,9772.916666666686,17.302948958333367,6.728777118312292e-05
2007,Goiaba,8092.09740968673,14.327058463850355,5.571511734584946e-05
2007,Laranja,365396.6610930818,646.9347884653014,0.002515802371114903
2007,Lenha,2756.0,4.879498,1.8975409665898417e-05
2007,Lima,129056.0,228.49364799999998,0.0008885669339050021
2007,Limao,90732.75156690367,160.64233664920295,0.0006247065062032596
2007,Mamao,8187.806962393088,14.496512226916963,5.637408975932662e-05
2007,Mandioca,812848.0,1439.147384,0.005596561609617633
2007,Maracuja,0.0,0.0,0.0
2007,Melancia,4416.454269606156,7.819332284337699,3.0407847981307323e-05
2007,Milho,12824799.620414345,22706.307727943597,0.08830037252555177
2007,PalmitoInNatura,12055907.476190476,21344.984186595237,0.08300645255982646
2007,Pimenta,39181119.135343775,69370.17142912616,0.26976697632856306
2007,PimentaDoReino,39155819.97619048,69325.37926784524,0.26959278840797646
2007,Soja,19745999.521562815,34960.29215292696,0.13595371196817435
2007,Tomate,9966.619035639313,17.645899002599403,6.862143656937495e-05
2007,Urucum,2940.4761904761904,5.206113095238094,2.0245551642636444e-05
2008,Abacate,60126.94635602237,140.46857207693947,0.00031401433421313
2008,Abacaxi,3465334.5270283227,8095.714522043567,0.018097787768687822
2008,AcaiFruto,4393314.16858642,10263.660560651593,0.02294418238819469
2008,Acucar,662806.0551020382,1548.4475059293816,0.003461519580138317
2008,Amendoim,0.0,0.0,0.0
2008,Arroz,314172.2260923311,733.969154596904,0.001640771540608248
2008,Banana,28327.75392855574,66.17929872789192,0.00014794233415676937
2008,BuritiFruto,28479.954939713338,66.53487073015829,0.00014873720737221963
2008,CacauAmendoa,249128.06809373698,582.0129926805882,0.0013010769576263796
2008,CajuAcuFruto,27505.590495268894,64.2585605150472,0.00014364856707288536
2008,CanaDeAcucar,1948.0515463916818,4.551038022680246,1.0173743162191574e-05
2008,Carvao,63717.1447164178,148.85599348649527,0.0003327642261693464
2008,CastanhaDeCaju,30330.911706071773,70.85907592772487,0.00015840387085457554
2008,CastanhaDoPara,8340094.068093737,19484.127761880587,0.0435563294793037
2008,CavaloMangaLarga,7571.0,17.687370199999997,3.953971835274292e-05
2008,Coco,733707.040227073,1714.0863873784876,0.0038318015749574806
2008,CopaibaOleo,137571.0,321.3933702,0.0007184676520281597
2008,Fava,0.0,0.0,0.0
2008,Feijao,9081.0,21.2150322,4.7425727428511226e-05
2008,Goiaba,32195.89641782612,75.21605321132537,0.00016814379559832644
2008,Laranja,957222.0803514436,2236.2622241170425,0.004999113916011456
2008,Lenha,2756.0,6.4385672,1.4393272193918835e-05
2008,Lima,129056.0,301.5006272,0.0006739978723724199
2008,Limao,112719.60358836233,263.33553790313204,0.0005886806734535302
2008,Mamao,34041.84755995162,79.52856426955897,0.00017778431709516523
2008,Mandioca,670917.0,1567.3962953999999,0.0035038791729054583
2008,Maracuja,0.0,0.0,0.0
2008,Melancia,28479.954939713338,66.53487073015829,0.00014873720737221963
2008,Milho,17830266.68747749,41655.06903528491,0.09311897014623624
2008,PalmitoInNatura,8777674.068093738,20506.402157880588,0.04584160090405515
2008,Pimenta,43903176.87962654,102566.60182618353,0.22928533200516293
2008,PimentaDoReino,43905191.56809374,102571.30854138058,0.22929585376114778
2008,Soja,56478642.01239582,131945.40346935912,0.29496098244822677
2008,Tomate,35984.07662290831,84.06599980643838,0.00018792765220622312
2008,Urucum,26810.068093736965,62.63368108058829,0.0001400161856352158
2009,Abacate,31439.545136713492,54.71738435593616,0.00018931468836272844
2009,Abacaxi,3386454.626204897,5893.785631447004,0.02039169458167033
2009,AcaiFruto,964756.9199999999,1679.0629435679998,0.0058093288201649254
2009,Acucar,677261.0928571383,1178.7052060085632,0.004078159279242451
2009,Amendoim,166.38626609439962,0.28957865751069306,1.0019026667378824e-06
2009,Arroz,30828.314282818545,53.65359817781739,0.0001856341332491088
2009,Banana,2116.9595382395382,3.6843563803520922,1.2747370660599131e-05
2009,BuritiFruto,2045.9595382395382,3.5607879803520923,1.231984084694233e-05
2009,CacauAmendoa,442036.38095238095,769.3201174095238,0.0026617426982830754
2009,CajuAcuFruto,1071.5950937950938,1.8650041012409813,6.45265986994027e-06
2009,CanaDeAcucar,2232.216494845343,3.8849495876288347,1.3441395803984057e-05
2009,Carvao,59963.8469253726,104.36107918891848,0.00036107510284717634
2009,CastanhaDeCaju,6282.380952380952,10.93385580952381,3.782965011116152e-05
2009,CastanhaDoPara,6057255.380952381,10542.047265009522,0.03647404597591872
2009,CavaloMangaLarga,15522.0,27.0144888,9.346644743071652e-05
2009,Coco,549618.6041600781,956.5562186801999,0.003309554076322106
2009,CopaibaOleo,96758.0,168.3976232,0.0005826328128141521
2009,Fava,0.0,0.0,0.0
2009,Feijao,8797.887681159424,15.311843720289861,5.2976891280275463e-05
2009,Goiaba,6037.660825793169,10.507944901210433,3.635605644752569e-05
2009,Laranja,707274.0035382281,1230.9396757579323,0.004258883421647868
2009,Lenha,2756.0,4.7965424,1.6595382625889366e-05
2009,Lima,129056.0,224.6090624,0.0007771167272012982
2009,Limao,84208.95953823953,146.5572731803521,0.0005070681799946012
2009,Mamao,7532.444095385428,13.1094657036088,4.535696366873813e-05
2009,Mandioca,869902.0,1513.9774408,0.005238155492389845
2009,Maracuja,0.0,0.0,0.0
2009,Melancia,2045.9595382395382,3.5607879803520923,1.231984084694233e-05
2009,Milho,22786626.318147227,39657.84444410344,0.13721073385443175
2009,PalmitoInNatura,6345279.380952381,11043.324234609521,0.03820839593435092
2009,Pimenta,34060685.759044446,59279.21749504095,0.20509800895193162
2009,PimentaDoReino,34035548.38095238,59235.46840220952,0.20494664305655805
2009,Soja,54689015.39708143,95180.76239708051,0.3293124586167348
2009,Tomate,9707.936375975498,16.895692468747754,5.845679196919562e-05
2009,Urucum,5.3809523809523805,0.009365009523809522,3.2401655897530895e-08
2010,Abacate,39551.0003063977,65.86823591027473,0.00020331485618791564
2010,Abacaxi,2311252.351408112,3849.1596660350697,0.011881164466136398
2010,AcaiFruto,1507395.0477661227,2510.415712549701,0.007748876260542277
2010,Acucar,107694.0306122452,179.35363858163316,0.0005536091673181725
2010,Amendoim,1188.0257510729134,1.97853808583683,6.10713465792819e-06
2010,Arroz,291218.7119463516,484.995642875454,0.0014970314297973635
2010,Banana,11502.765260765791,19.15670526527935,5.913081961615134e-05
2010,BuritiFruto,11679.487192425484,19.4510179702654,6.003927183840345e-05
2010,CacauAmendoa,86529.76190476191,144.10666547619047,0.00044481267126878377
2010,CajuAcuFruto,1670.6573955422166,2.7823128265360073,8.588138491632514e-06
2010,CanaDeAcucar,2516.3814432988875,4.1907816556699675,1.2935645806548526e-05
2010,Carvao,56210.549134328336,93.6130485283104,0.0002889545049418405
2010,CastanhaDeCaju,3675.669834277327,6.12146054200546,1.8895053929381138e-05
2010,CastanhaDoPara,6625599.761904762,11034.27384347619,0.03405938793746395
2010,CavaloMangaLarga,23473.0,39.091934200000004,0.00012066470082494899
2010,Coco,572988.725075709,954.2554227410859,0.002945491121174514
2010,CopaibaOleo,38898.0,64.7807292,0.00019995805958713693
2010,Fava,0.0,0.0,0.0
2010,Feijao,7686.0,12.8002644,3.951045416182668e-05
2010,Goiaba,15476.025346602688,25.773772612232115,7.955565834819327e-05
2010,Laranja,889031.4497806687,1480.5929764647256,0.004570132233278875
2010,Lenha,2756.0,4.589842399999999,1.4167422803798378e-05
2010,Lima,129056.0,214.92986240000002,0.0006634219584060247
2010,Limao,91765.83854377696,152.82682751080614,0.000471729112334828
2010,Mamao,17090.563686478992,28.462624763462113,8.785531266385739e-05
2010,Mandioca,34068.0,56.7368472,0.00017512908566030594
2010,Maracuja,0.0,0.0,0.0
2010,Melancia,12061.388479979083,20.08703637455716,6.2002463786911e-05
2010,Milho,27770490.384801768,46248.974686848866,0.14275626950301315
2010,PalmitoInNatura,5676915.761904762,9454.335509876191,0.029182607336883885
2010,Pimenta,40293238.4898137,67104.35938093574,0.20713038672694967
2010,PimentaDoReino,40269969.76190476,67065.60764147619,0.20701077210198865
2010,Soja,67614078.65406635,112604.4865904821,0.3475751958568349
2010,Tomate,14010.501801949471,23.33308970096665,7.20220256609569e-05
2010,Urucum,54.76190476190476,0.09120047619047618,2.8150764089377524e-07
2012,Abacate,275239.7960900768,562.2873794324179,0.0006158300913885523
2012,Abacaxi,3361327.8315360835,6866.856627045066,0.007520739569957777
2012,AcaiFruto,16636363.177126039,33986.426334550786,0.03722271706810076
2012,Acucar,721685.8061224476,1474.3319333275483,0.0016147222976170166
2012,Amendoim,3231.304721029941,6.601232414592067,7.229821813284914e-06
2012,Arroz,295133.58806276537,602.9284070534234,0.0006603410810878625
2012,Banana,250511.96287072406,511.7708889486022,0.0005605032672605064
2012,BuritiFruto,250713.20572288585,512.1820079712835,0.0005609535342851104
2012,CacauAmendoa,503537.4285714286,1028.6766128285715,0.0011266303240292192
2012,CajuAcuFruto,851.2701673302756,1.7390598248390199,1.9046583829461428e-06
2012,CanaDeAcucar,3156.0,6.4473924,7.061332685285847e-06
2012,Carvao,48703.95355223886,99.49730671186876,0.00010897174243379846
2012,CastanhaDeCaju,3844.400818124609,7.853726431346764,8.601582114183445e-06
2012,CastanhaDoPara,15301263.42857143,31258.95105822857,0.034235523312528646
2012,CavaloMangaLarga,39375.0,80.4391875,8.809885123039614e-05
2012,Coco,674899.2716688681,1378.7517220923307,0.001510040648387513
2012,CopaibaOleo,14555.0,29.734409499999998,3.256581027703913e-05
2012,Fava,0.0,0.0,0.0
2012,Feijao,11226.927536231873,22.935490263768095,2.5119477302575994e-05
2012,Goiaba,254433.9119816989,519.7830387874127,0.0005692783583401498
2012,Laranja,1505416.9877393164,3075.416364252649,0.003368266850604625
2012,Lenha,2756.0,5.6302324,6.1663602283421396e-06
2012,Lima,129056.0,263.6485024,0.00028875391350831754
2012,Limao,326646.2597769403,667.3056440983113,0.0007308485141601014
2012,Mamao,255973.46609075458,522.9281938768025,0.0005727230046490981
2012,Mandioca,46192.0,94.36563679999999,0.00010335141932785925
2012,Maracuja,0.0,0.0,0.0
2012,Melancia,252867.87095893727,516.5837735820129,0.0005657744493856107
2012,Milho,9187037.249224255,18768.19839644023,0.020555363247428963
2012,PalmitoInNatura,2244276.4285714286,4584.832315928572,0.005021413973348548
2012,Pimenta,66378914.39729816,135605.4842222404,0.1485182502685148
2012,PimentaDoReino,66352852.928571425,135552.24324777856,0.14845993952677
2012,Soja,261590467.63017192,534403.1663216782,0.5852906588200704
2012,Tomate,18494.71881729969,37.78286107186154,4.138065985100428e-05
2012,Urucum,123.42857142857142,0.25215222857142855,2.7616292957120095e-07
2013,Abacate,373904.7425959687,875.6849071597587,0.0006901123160029928
2013,Abacaxi,2983395.522098897,6987.1123127556175,0.005506423852808402
2013,AcaiFruto,15279846.540000001,35785.40059668,0.028201862888067596
2013,Acucar,736592.9438775477,1725.100674561217,0.0013595223717183138
2013,Amendoim,4252.944206008455,9.960395330471801,7.849617406461985e-06
2013,Arroz,409195.531848844,958.3359355899928,0.0007552481795809315
2013,Banana,358406.9402361548,839.3890540330747,0.0006615081741960921
2013,BuritiFruto,358529.0652361548,839.6750707830746,0.0006617335791107415
2013,CacauAmendoa,684502.9656788168,1603.105945619789,0.001263380409876134
2013,CajuAcuFruto,120915.96079171037,283.18518017418575,0.00022317340284143806
2013,CanaDeAcucar,3368.876288659754,7.889908268041145,6.217901922701144e-06
2013,Carvao,44950.655761193666,105.27443579271556,8.296498444453025e-05
2013,CastanhaDeCaju,115997.97008410309,271.66724593696944,0.0002140963156300156
2013,CastanhaDoPara,7621764.965678817,17850.17354961979,0.014067416839852059
2013,CavaloMangaLarga,47326.0,110.837492,8.734913400777433e-05
2013,Coco,564628.1931839508,1322.359228436813,0.001042128718061793
2013,CopaibaOleo,26507.0,62.079394,4.892370990880434e-05
2013,Fava,0.0,0.0,0.0
2013,Feijao,6847.829710144957,16.03761718115949,1.263897212977793e-05
2013,Goiaba,362537.87671684154,849.0637072708429,0.000669132603140628
2013,Laranja,2035793.353711046,4767.82803439127,0.0037574438250737967
2013,Lenha,2756.0,6.4545520000000005,5.086722168056165e-06
2013,Lima,129056.0,302.249152,0.00023819739336743698
2013,Limao,432385.47064156027,1012.6467722425342,0.0007980496221545075
2013,Mamao,363713.9175409312,851.8179948808609,0.0006713032101545742
2013,Mandioca,40991.0,96.000922,7.565668664397324e-05
2013,Maracuja,0.0,0.0,0.0
2013,Melancia,361570.11244645517,846.797203349598,0.0006673464101189927
2013,Milho,18907587.065655533,44281.568907765264,0.03489754799394849
2013,PalmitoInNatura,2074997.9656788167,4859.645235619789,0.003829803392848288
2013,Pimenta,79107819.77671605,185270.513917069,0.14600852704093376
2013,PimentaDoReino,79193514.46567881,185471.21087861978,0.14616669288782475
2013,Soja,328806474.8518311,770064.7641029884,0.6068748855693799
2013,Tomate,130378.90431697955,305.3473939103661,0.00024063906488971463
2013,Urucum,112226.96567881675,262.83555361978887,0.00020713620978668926
2014,Abacate,478109.59676506516,1269.6678451693072,0.0006972575559670988
2014,Abacaxi,3476004.4724453,9230.877477025739,0.00506927783794071
2014,AcaiFruto,23238268.979999997,61711.547103287994,0.03388984187628166
2014,Acucar,751500.0816326488,1995.6836167836625,0.001095960243788487
2014,Amendoim,5274.583690986969,14.007184449784994,7.692260013196666e-06
2014,Arroz,428237.31804455235,1137.2270217991133,0.0006245256480395908
2014,Banana,456743.05426088,1212.926854895193,0.0006660973715517755
2014,BuritiFruto,456968.8180335439,1213.5263931698792,0.0006664266171837783
2014,CacauAmendoa,916707.3451958327,2434.4080259020534,0.0013368924768987988
2014,CajuAcuFruto,130710.98136687721,347.1160821178791,0.00019062411635864743
2014,CanaDeAcucar,3653.041237113299,9.701016309278076,5.327461782969088e-06
2014,Carvao,41197.35797014846,109.40370382552626,6.008072066514584e-05
2014,CastanhaDeCaju,133131.38175970936,353.54369740108416,0.00019415393980035765
2014,CastanhaDoPara,5140345.345195833,13650.701098702055,0.007496491717524103
2014,CavaloMangaLarga,55277.0,146.7936012,8.061395584187018e-05
2014,Coco,555388.8237753204,1474.890560417741,0.0008099587552669627
2014,CopaibaOleo,130199.0,345.75646439999997,0.00018987746145151968
2014,Fava,0.0,0.0,0.0
2014,Feijao,6563.233672326605,17.429323340230535,9.571580032216156e-06
2014,Goiaba,460926.54953985,1224.0365449580256,0.0006721984281156911
2014,Laranja,2556637.184395408,6789.405706880446,0.0037285061976325548
2014,Lenha,2756.0,7.3188336000000005,4.019249639093913e-06
2014,Lima,129056.0,342.7211136,0.00018821055204024093
2014,Limao,528748.5747903008,1404.144715213123,0.000771107590129658
2014,Mamao,462078.2622752278,1227.095033298095,0.0006738780438617023
2014,Mandioca,156768.45370637253,416.31430566264294,0.00022862538134276074
2014,Maracuja,0.0,0.0,0.0
2014,Melancia,460896.24721809314,1223.9560741123682,0.0006721542363175108
2014,Milho,12784874.360545283,33951.512351864054,0.01864499334524044
2014,PalmitoInNatura,1468037.3451958327,3898.5199739020536,0.0021409319919647083
2014,Pimenta,102361884.83891426,271832.2213782207,0.14928083044113888
2014,PimentaDoReino,102464315.52797613,272104.2363160934,0.14943021161314327
2014,Soja,425177083.4807174,1129100.2628913932,0.6200627138355863
2014,Tomate,152476.4072315127,404.9163470440052,0.00022236601768345208
2014,Urucum,129310.3451958327,343.3965527020533,0.0001885814797748403
2015,Abacate,351593.48631620745,1372.691289275737,0.0004851044707785424
2015,Abacaxi,4067024.298696639,15878.476266971416,0.005611399945812247
2015,AcaiFruto,22414746.12,87511.651801704,0.03092632252122798
2015,Acucar,738250.499999994,2882.2776020999763,0.0010185871810560407
2015,Amendoim,6296.223175965482,24.581714523604436,8.687094984841115e-06
2015,Arroz,303400.58430975367,1184.5365612621404,0.00041861122464912677
2015,Banana,332246.4225029397,1297.1564827359773,0.0004584107249683224
2015,BuritiFruto,332484.4467358546,1298.0857769461234,0.0004587391344071615
2015,CacauAmendoa,1595108.857142857,6227.624000057142,0.002200821312379306
2015,CajuAcuFruto,3761.290069187928,14.68482868812351,5.189568918284842e-06
2015,CanaDeAcucar,3937.20618556696,15.371640389690524,5.432285856620604e-06
2015,Carvao,9696.164179104475,37.855764188059695,1.3378099355504221e-05
2015,CastanhaDeCaju,5861.92586532411,22.88613096339839,8.087881474811092e-06
2015,CastanhaDoPara,20174024.85714286,78763.42784725715,0.027834729688353488
2015,CavaloMangaLarga,63228.0,246.85475759999997,8.723763855738921e-05
2015,Coco,430632.1987967093,1681.2742305421123,0.0005941566412001187
2015,CopaibaOleo,2327063.0,9085.319364599998,0.0032107212136122257
2015,Fava,0.0,0.0,0.0
2015,Feijao,7020.916604465805,27.411062607155397,9.68697705260265e-06
2015,Goiaba,336482.47658019286,1313.694885064389,0.0004642553405579498
2015,Laranja,2925495.5589847523,11421.71976138827,0.004036397231858657
2015,Lenha,2756.0,10.7599752,3.8025389362966515e-06
2015,Lima,203999.8111588061,796.4560627262107,0.0002814648856779841
2015,Limao,477131.3660027691,1862.816279148011,0.0006583129887351008
2015,Mamao,337518.48291444615,1317.7396609945806,0.00046568475072639973
2015,Mandioca,144850.0865301378,565.523707830964,0.00019985417052133096
2015,Maracuja,0.0,0.0,0.0
2015,Melancia,337298.2578946528,1316.8798584723033,0.00046538089941561923
2015,Milho,11226308.454471767,43829.75346794867,0.015489287013427134
2015,PalmitoInNatura,1176348.857142857,4592.701208057143,0.0016230451131907773
2015,Pimenta,114572827.42628412,447315.2328376985,0.15807969424166993
2015,PimentaDoReino,114547591.24787511,447216.705749954,0.1580448751012477
2015,Soja,425294373.6130015,1660434.2934598806,0.5867918777399614
2015,Tomate,27554.305073441516,107.57751786773036,3.8017531895630525e-05
2015,Urucum,1990.8571428571427,7.772704457142856,2.7468475334973113e-06
2018,Abacate,457849.2584271284,1773.799596998381,0.0005185655544928993
2018,Abacaxi,3122096.3203318873,12095.625564229798,0.003536123690786383
2018,AcaiFruto,28400919.41,110030.841978222,0.03216722152734222
2018,Acucar,82753.33265306125,320.60296136448994,9.372741583286877e-05
2018,Amendoim,3181.0,12.3238302,3.602838703962774e-06
2018,Arroz,992208.2436902821,3844.0131777048914,0.001123786942080565
2018,Banana,432272.5917604618,1674.7104749983812,0.0004895971154532825
2018,BuritiFruto,427805.5917604618,1657.4044235983813,0.0004845377377448255
2018,CacauAmendoa,1400293.8095238095,5425.018276857142,0.0015859895422420172
2018,CajuAcuFruto,58357.45064935065,226.08843530571428,6.609634764667653e-05
2018,CanaDeAcucar,4789.701030927827,18.556259734020585,5.424872761596094e-06
2018,Carvao,102326.23880597015,396.43231438208954,0.0001158959237978896
2018,CastanhaDeCaju,15524.809523809523,60.146217057142856,1.7583585232326576e-05
2018,CastanhaDoPara,32220107.80952381,124827.14167565716,0.03649288005721648
2018,CavaloMangaLarga,87081.0,337.36921020000005,9.86289837094569e-05
2018,Coco,591532.4458874459,2291.715001857143,0.0006699767339494044
2018,CopaibaOleo,2416987.0,9363.8910354,0.002737508428347964
2018,Fava,0.0,0.0,0.0
2018,Feijao,6591.25724637683,25.535848823913113,7.465336911355404e-06
2018,Goiaba,375224.42033189035,1453.6944492498096,0.0004249836731354074
2018,Laranja,2986061.0203318903,11568.59760496981,0.0033820484804923945
2018,Lenha,2756.0,10.6772952,3.121478613052941e-06
2018,Lima,129727.5,502.5902805,0.00014693092045530676
2018,Limao,432068.0917604618,1673.9182010983811,0.0004893654963036564
2018,Mamao,377234.52724433277,1461.482005449994,0.00042726034430272923
2018,Mandioca,8306.0,32.1791052,9.407475094346056e-06
2018,Maracuja,247.0,0.9569274,2.7975515871700886e-07
2018,Melancia,431826.5917604618,1672.9825817983813,0.0004890919705108219
2018,Milho,14437156.068847243,55932.43004192798,0.01635169590065825
2018,PalmitoInNatura,717979.8095238095,2781.5973780571426,0.0008131925326677777
2018,Pimenta,47749117.4054054,184989.63065202162,0.05408122234148292
2018,PimentaDoReino,47743119.809523806,184966.39476605714,0.054074429392544546
2018,Soja,696692786.0748837,2699127.191811315,0.7890825949205434
2018,Tomate,7329.809523809524,28.397148057142857,8.301830067606383e-06
2018,Urucum,1289.8095238095236,4.996980057142856,1.460853716793696e-06
2019,Abacate,560732.8661183261,2259.809523743466,0.0006559991844760188
2019,Abacaxi,2814365.0042135553,11342.172403481049,0.003292514598551013
2019,AcaiFruto,29148403.68,117470.98167076799,0.034100603332251955
2019,Acucar,1796012.3,7238.10917023,0.002101147757335626
2019,Amendoim,8226.0,33.1516026,9.623565190418161e-06
2019,Arroz,463100.63486424764,1866.3418685664044,0.0005417796194189308
2019,Banana,590034.7827849928,2377.8991781017994,0.0006902793820502793
2019,BuritiFruto,566317.5327849928,2282.3162888767993,0.0006625326641421288
2019,CacauAmendoa,1251460.142857143,5043.509521728572,0.0014640783209331073
2019,CajuAcuFruto,236016.32056277056,951.1693735000216,0.0002761145692850052
2019,CanaDeAcucar,5073.865979381371,20.448187283504865,5.935895942137311e-06
2019,Carvao,2418.0,9.7447818,2.828808732121458e-06
2019,CastanhaDeCaju,15502.142857142857,62.47518592857143,1.813589622865178e-05
2019,CastanhaDoPara,10417749.142857144,41984.57082062858,0.012187683930672094
2019,CavaloMangaLarga,95032.0,382.9884632,0.00011117756469436163
2019,Coco,202476.59567948402,816.0009282478886,0.0002368765764716089
2019,CopaibaOleo,1000443.0,4031.8853343,0.0011704143483828734
2019,Fava,0.0,0.0,0.0
2019,Feijao,12139.083333333372,48.92171974166682,1.420146606008416e-05
2019,Goiaba,359658.4399278499,1449.459478753228,0.0004207630005992898
2019,Laranja,3760297.8317883154,15154.37629189009,0.004399157709652677
2019,Lenha,2756.0,11.1069556,3.224233608654565e-06
2019,Lima,150853.5,607.9546903500001,0.0001764829189706718
2019,Limao,649511.5462985067,2617.5964827376115,0.0007598610147985633
2019,Mamao,357701.8184992785,1441.5740987339423,0.00041847395685131676
2019,Mandioca,607.0,2.4462707,7.101269232414082e-07
2019,Maracuja,199.0,0.8019899,2.3280932079907783e-07
2019,Melancia,581297.5327849928,2342.6871868767994,0.0006800577074867027
2019,Milho,57583143.14285714,232065.82518002857,0.06736629369127962
2019,PalmitoInNatura,500035.14285714284,2015.1916292285714,0.0005849891556997049
2019,Pimenta,36993910.0,149089.156691,0.04327903045629253
2019,PimentaDoReino,36987764.64285714,149064.39028717857,0.04327184102703375
2019,Soja,667604276.2064059,2690511.9935394363,0.7810276286742377
2019,Tomate,44372.142857142855,178.82417292857141,5.1910796185784324e-05
2019,Urucum,14886.142857142857,59.99264432857143,1.7415240240650614e-05
2020,Abacate,569634.7264502165,2959.87900210797,0.0005222814932242954
2020,Abacaxi,3326369.432799423,17284.148209769086,0.0030498512708388536
2020,AcaiFruto,29743993.98,154552.76711947803,0.02727140195110019
2020,Acucar,1455241.4,7561.57983854,0.0013342684638104464
2020,Amendoim,15237.0,79.17297570000001,1.3970361606727085e-05
2020,Arroz,166542.21966205759,865.3700275860175,0.00015269771158797125
2020,Banana,591569.2542279942,3073.853001894081,0.000542392623022048
2020,BuritiFruto,576927.5042279942,2997.773004719081,0.00052896802880696
2020,CacauAmendoa,1487378.380952381,7728.566805266668,0.001363733925834025
2020,CajuAcuFruto,274747.87756132754,1427.617446596414,0.0002519083284250524
2020,CanaDeAcucar,5358.030927835032,27.840864504123612,4.912622534743245e-06
2020,Carvao,1983.0,10.303866300000001,1.818154956102895e-06
2020,CastanhaDeCaju,5278.380952380952,27.42699526666667,4.839593791613992e-06
2020,CastanhaDoPara,10471780.38095238,54412.41803746667,0.009601270498663455
2020,CavaloMangaLarga,102983.0,535.1099663000001,9.442211389023925e-05
2020,Coco,332947.0731046732,1730.0262865591924,0.0003052694760893668
2020,CopaibaOleo,1978658.0,10281.3048338,0.0018141739027396075
2020,Fava,0.0,0.0,0.0
2020,Feijao,16548.75,85.988959875,1.5173066984270187e-05
2020,Goiaba,321054.73994228,1668.2325342140812,0.0002943657421111358
2020,Laranja,2618305.4992446057,13604.977204624896,0.0024006480686046615
2020,Lenha,2756.0,14.3204516,2.5268961467572255e-06
2020,Lima,620930.5,3226.4169710500005,0.000569313094286661
2020,Limao,1128121.8690928596,5861.834043993408,0.001034342091467092
2020,Mamao,329628.03879020625,1712.7802523577907,0.0003022263501749323
2020,Mandioca,18751.0,97.4320711,1.71922458809306e-05
2020,Maracuja,78.0,0.40529580000000004,7.151592868180827e-08
2020,Melancia,593889.5042279942,3085.909252919081,0.0005445199926826116
2020,Milho,62383581.67127496,324151.3287221118,0.05719768945793156
2020,PalmitoInNatura,142004.38095238095,737.8689638666666,0.0001301996818037796
2020,Pimenta,32397372.094594594,168339.985140723,0.029704207079423495
2020,PimentaDoReino,32373675.88095238,168216.85724501667,0.029682480711155985
2020,Soja,906566634.3247775,4710610.888614977,0.8312045482779198
2020,Tomate,42545.380952380954,221.07005396666668,3.900862089654923e-05
2020,Urucum,3606.3809523809523,18.739116066666668,3.3065856793577944e-06
2021,Abacate,849468.0547979798,4739.946798967248,0.0006857092544047498
2021,Abacaxi,5029658.377020196,28064.990777934996,0.0040600506118353506
2021,AcaiFruto,46874484.620000005,261554.93673113806,0.03783811259039186
2021,Acucar,2406894.5,13430.23062055,0.001942898056853236
2021,Amendoim,20023.0,111.7263377,1.616300498105436e-05
2021,Arroz,243285.62379388112,1357.5094522074774,0.00019638549414170792
2021,Banana,890982.902020202,4971.595494982525,0.0007192209500767514
2021,BuritiFruto,878072.277020202,4899.555498545025,0.0007087992102683549
2021,CacauAmendoa,1136003.0476190476,6338.783405409524,0.0009170065882814564
2021,CajuAcuFruto,412444.9214646464,2301.401417280581,0.00033293459122227714
2021,CanaDeAcucar,5642.195876288577,31.482888770102633,4.554504322655778e-06
2021,Carvao,2292.0,12.7891308,1.850152695229316e-06
2021,CastanhaDeCaju,5407.047619047619,30.170785009523815,4.364687489360476e-06
2021,CastanhaDoPara,18897947.04761905,105448.65473100953,0.015254837549935986
2021,CavaloMangaLarga,110934.0,619.0006266,8.954835911543147e-05
2021,Coco,301701.07186147186,1683.461810879827,0.00024353972567978872
2021,CopaibaOleo,1700909.0,9490.9021291,0.0013730110692363878
2021,Fava,0.0,0.0,0.0
2021,Feijao,11091.416666666686,61.888995858333445,8.953234921354592e-06
2021,Goiaba,505525.2163059164,2820.780154465383,0.00040807104775513706
2021,Laranja,3919562.1109072967,21870.764622651626,0.003163956546079338
2021,Lenha,2756.0,15.378204400000001,2.2247036771605565e-06
2021,Lima,2080166.5,11607.12105335,0.001679156045593688
2021,Limao,2991219.777020202,16690.707233795027,0.0024145782427910825
2021,Mamao,510215.0396930131,2846.948899983044,0.0004118567761058293
2021,Mandioca,19660.0,109.700834,1.586998341544867e-05
2021,Maracuja,553.0,3.0856847000000003,4.4639373493098244e-07
2021,Melancia,906151.277020202,5056.2335106450255,0.0007314651952288016
2021,Milho,78726645.04259525,439286.8066731773,0.06354987544150056
2021,PalmitoInNatura,669477.0476190476,3735.614978009524,0.0005404165637201336
2021,Pimenta,50203940.18918919,280132.96586165676,0.040525722186806175
2021,PimentaDoReino,50177233.547619045,279983.94547235954,0.040504163999685094
2021,Soja,968287506.5693967,5402947.457906577,0.7816229232269822
2021,Tomate,36843.04761904762,205.5805214095238,2.9740516515202e-05
2021,Urucum,1974.047619047619,11.01498830952381,1.5934945562355874e-06
2024,Abacate,1388411.1502669551,8596.625319107907,0.0006691506003289678
2024,Abacaxi,4736047.070901876,29324.182648903145,0.0022825578288325466
2024,AcaiFruto,77281473.69,478503.700646373,0.03724613166930256
2024,Acucar,26749.800000000047,165.6267366600003,1.2892178750680749e-05
2024,Amendoim,22142.0,137.0966214,1.067143013770468e-05
2024,Arroz,454627.95238095237,2814.919892757143,0.00021910985604195932
2024,Banana,1453282.8030447331,8998.291131612074,0.0007004157665531342
2024,BuritiFruto,1423247.9280447331,8812.324196074573,0.0006859403320730875
2024,CacauAmendoa,424031.95238095237,2625.4786395571427,0.00020436398500532247
2024,CajuAcuFruto,713886.0136002885,4420.168030408907,0.0003440603703558835
2024,CanaDeAcucar,6494.690721649444,40.21317654123686,3.130143541779461e-06
2024,Carvao,2683.0,16.6123311,1.2930831478394748e-06
2024,CastanhaDeCaju,143580.95238095237,889.0101828571428,6.919944460475275e-05
2024,CastanhaDoPara,16255020.952380951,100646.21323085713,0.00783417579623607
2024,CavaloMangaLarga,134787.0,834.5606679,6.496116222431581e-05
2024,Coco,431447.4373366067,2671.3930977570676,0.00020793790920555123
2024,CopaibaOleo,515313.0,3190.6635021,0.00024835727028050815
2024,Fava,0.0,0.0,0.0
2024,Feijao,228163.0,1412.7168471,0.00010996411862113236
2024,Goiaba,891752.3173304474,5521.462823214932,0.0004297837844155056
2024,Laranja,11953241.642330447,74010.88627681743,0.0057609151434031124
2024,Lenha,2756.0,17.0643252,1.3282658052350328e-06
2024,Lima,896800.5,5552.71965585,0.000432216777310479
2024,Limao,2242005.698315003,13881.826682257004,0.0010805440871603444
2024,Mamao,919824.4994733045,5695.277353388859,0.0004433132908083526
2024,Mandioca,7869.0,48.7224873,3.792497685556775e-06
2024,Maracuja,1859.0,11.5103703,8.959528780594796e-07
2024,Melancia,1465668.9280447331,9074.982301774575,0.0007063853116535939
2024,Milho,164654661.73551348,1019492.2690677788,0.07935600756742517
2024,PalmitoInNatura,1288471.9523809524,7977.831787557143,0.000620984483074035
2024,Pimenta,47943236.972972974,296850.14036555676,0.023106444943207526
2024,PimentaDoReino,48036781.952380955,297429.34281455714,0.023151529339941572
2024,Soja,1688583571.4173193,10455202.899144616,0.8138199626978495
2024,Tomate,218586.01389237592,1353.4190222174238,0.00010534844983885077
2024,Urucum,137428.95238095237,850.9188444571428,6.623446229930794e-05
2025,Abacate,4176047.3402236653,22975.77725644256,0.0018085460033254385
2025,Abacaxi,16336948.689430015,89882.62429950607,0.007075140881237941
2025,AcaiFruto,128846256.78,708886.335552204,0.055800225370632804
2025,Acucar,25855.899999999907,142.2539906199995,1.1197570524877609e-05
2025,Amendoim,6769.0,37.2416842,2.931491647279607e-06
2025,Arroz,1497247.0952380951,8237.554068580952,0.0006484218279811095
2025,Banana,4255108.493001443,23410.75590679534,0.0018427854935001103
2025,BuritiFruto,4218036.118001443,23206.79111402034,0.001826730336511291
2025,CacauAmendoa,3886888.095238095,21384.880922380955,0.0016833180654603366
2025,CajuAcuFruto,2903112.1902236654,15972.342648172564,0.0012572683020765669
2025,CanaDeAcucar,6778.855670102988,37.29590812577262,2.935759901761104e-06
2025,Carvao,2989.0,16.4448802,1.2944642537625565e-06
2025,CastanhaDeCaju,1358045.0952380951,7471.692504980952,0.000588136778448739
2025,CastanhaDoPara,13444838.095238095,73970.81023238096,0.005822637106694805
2025,CavaloMangaLarga,142738.0,785.3159284000001,6.181640637455998e-05
2025,Coco,1627711.7809295317,8955.344676318098,0.0007049229561195946
2025,CopaibaOleo,510088.0,2806.4021584,0.00022090688600643525
2025,Fava,0.0,0.0,0.0
2025,Feijao,696968.0,3834.5785424,0.0003018401344986221
2025,Goiaba,2730094.2644300144,15020.432624041054,0.0011823383856496602
2025,Laranja,13555462.689430015,74579.44462470606,0.005870545966771229
2025,Lenha,2756.0,15.1629608,1.1935575387653415e-06
2025,Lima,737787.0,4059.1565166,0.0003195178649684561
2025,Limao,4830792.118001443,26578.05207482034,0.0020921002723689455
2025,Mamao,2770371.1180014433,15242.027817020342,0.0011997813254965132
2025,Mandioca,29499.414767809212,162.29988016953274,1.2775489435879658e-05
2025,Maracuja,2097.0,11.5372746,9.081604349749351e-07
2025,Melancia,4254270.118001443,23406.143335220342,0.0018424224133834332
2025,Milho,182194108.0952381,1002395.543918381,0.07890390102891835
2025,PalmitoInNatura,1855050.0952380951,10206.114613980953,0.0008033777307542792
2025,Pimenta,53271003.567567565,293086.40742804325,0.023070394740807573
2025,PimentaDoReino,54583236.5952381,300306.05109968095,0.02363869141090664
2025,Soja,1801513664.697394,9911567.880432121,0.7801923859536837
2025,Tomate,1435590.676960415,7898.332786500811,0.0006217199111274831
2025,Urucum,1355166.0952380951,7455.852822780952,0.0005868899525582798
